id;d1;d2;cluster
c2sp1s1;10,5;9;0
c2sp1s2;10,56717;9,26845;0
c2sp1s3;8,27532;11,38221;0
c2sp1s4;8,22746;11,37764;0
c2sp1s5;8,17951;11,37211;0
c2sp1s6;8,1315;11,36561;0
c2sp1s7;8,08344;11,35814;0
c2sp1s8;8,03536;11,3497;0
c2sp1s9;7,98727;11,34027;0
c2sp1s10;7,9392;11,32987;0
c2sp1s11;7,89116;11,31848;0
c2sp1s12;7,84317;11,30611;0
c2sp1s13;10,57166;9,29981;0
c2sp1s14;7,79526;11,29275;0
c2sp1s15;7,74744;11,2784;0
c2sp1s16;7,69974;11,26305;0
c2sp1s17;7,65217;11,24672;0
c2sp1s18;7,60476;11,22939;0
c2sp1s19;7,55752;11,21107;0
c2sp1s20;7,51048;11,19176;0
c2sp1s21;7,46366;11,17146;0
c2sp1s22;7,41707;11,15017;0
c2sp1s23;7,37075;11,12789;0
c2sp1s24;10,57552;9,33144;0
c2sp1s25;7,3247;11,10463;0
c2sp1s26;7,27896;11,08039;0
c2sp1s27;7,23353;11,05516;0
c2sp1s28;7,18845;11,02896;0
c2sp1s29;7,14373;11,00179;0
c2sp1s30;7,09939;10,97365;0
c2sp1s31;7,05546;10,94454;0
c2sp1s32;7,01195;10,91448;0
c2sp1s33;6,96888;10,88347;0
c2sp1s34;6,92628;10,85151;0
c2sp1s35;10,57873;9,36332;0
c2sp1s36;6,88417;10,81862;0
c2sp1s37;6,84256;10,78479;0
c2sp1s38;6,80148;10,75003;0
c2sp1s39;6,76095;10,71436;0
c2sp1s40;6,72098;10,67778;0
c2sp1s41;6,6816;10,64031;0
c2sp1s42;6,64282;10,60194;0
c2sp1s43;6,60467;10,56269;0
c2sp1s44;6,56716;10,52257;0
c2sp1s45;6,53032;10,48159;0
c2sp1s46;10,58131;9,39544;0
c2sp1s47;6,49417;10,43975;0
c2sp1s48;6,45871;10,39709;0
c2sp1s49;6,42398;10,35359;0
c2sp1s50;6,38998;10,30928;0
c2sp1s51;6,35675;10,26417;0
c2sp1s52;6,32429;10,21826;0
c2sp1s53;6,29262;10,17159;0
c2sp1s54;6,26177;10,12415;0
c2sp1s55;6,23175;10,07596;0
c2sp1s56;6,20257;10,02704;0
c2sp1s57;10,58323;9,42778;0
c2sp1s58;6,17426;9,9774;0
c2sp1s59;6,14683;9,92705;0
c2sp1s60;6,1203;9,87602;0
c2sp1s61;6,09468;9,82432;0
c2sp1s62;6,06999;9,77196;0
c2sp1s63;6,04624;9,71896;0
c2sp1s64;6,02345;9,66534;0
c2sp1s65;6,00164;9,61111;0
c2sp1s66;5,98082;9,5563;0
c2sp1s67;5,96101;9,50092;0
c2sp1s68;10,58448;9,46034;0
c2sp1s69;5,94221;9,44499;0
c2sp1s70;5,92444;9,38853;0
c2sp1s71;5,90772;9,33156;0
c2sp1s72;5,89206;9,2741;0
c2sp1s73;5,87747;9,21616;0
c2sp1s74;5,86397;9,15777;0
c2sp1s75;5,85155;9,09894;0
c2sp1s76;5,84025;9,03971;0
c2sp1s77;5,83006;8,98008;0
c2sp1s78;5,821;8,92009;0
c2sp1s79;10,58508;9,49309;0
c2sp1s80;5,81308;8,85974;0
c2sp1s81;5,80631;8,79907;0
c2sp1s82;5,8007;8,73809;0
c2sp1s83;5,79626;8,67684;0
c2sp1s84;5,79299;8,61532;0
c2sp1s85;5,7909;8,55356;0
c2sp1s86;5,79001;8,49159;0
c2sp1s87;5,79032;8,42943;0
c2sp1s88;5,79183;8,36709;0
c2sp1s89;5,79456;8,30462;0
c2sp1s90;10,58499;9,52603;0
c2sp1s91;5,79851;8,24202;0
c2sp1s92;5,80368;8,17932;0
c2sp1s93;5,81007;8,11655;0
c2sp1s94;5,81771;8,05374;0
c2sp1s95;5,82658;7,99089;0
c2sp1s96;5,83669;7,92805;0
c2sp1s97;5,84805;7,86523;0
c2sp1s98;5,86065;7,80246;0
c2sp1s99;5,87451;7,73976;0
c2sp1s100;5,88962;7,67716;0
c2sp1s101;10,58422;9,55914;0
c2sp1s102;5,90598;7,61468;0
c2sp1s103;5,92359;7,55235;0
c2sp1s104;5,94245;7,49019;0
c2sp1s105;5,96257;7,42824;0
c2sp1s106;5,98395;7,3665;0
c2sp1s107;6,00657;7,30502;0
c2sp1s108;6,03044;7,24381;0
c2sp1s109;6,05556;7,1829;0
c2sp1s110;6,08192;7,12231;0
c2sp1s111;6,10953;7,06207;0
c2sp1s112;10,50973;9,02846;0
c2sp1s113;10,58277;9,5924;0
c2sp1s114;6,13837;7,00221;0
c2sp1s115;6,16844;6,94275;0
c2sp1s116;6,19974;6,88372;0
c2sp1s117;6,23226;6,82513;0
c2sp1s118;6,266;6,76703;0
c2sp1s119;6,30095;6,70942;0
c2sp1s120;6,33711;6,65234;0
c2sp1s121;6,37445;6,59582;0
c2sp1s122;6,41299;6,53986;0
c2sp1s123;6,4527;6,48451;0
c2sp1s124;10,58062;9,62581;0
c2sp1s125;6,49359;6,42979;0
c2sp1s126;6,53563;6,37571;0
c2sp1s127;6,57882;6,32231;0
c2sp1s128;6,62316;6,26961;0
c2sp1s129;6,66862;6,21763;0
c2sp1s130;6,7152;6,1664;0
c2sp1s131;6,76289;6,11593;0
c2sp1s132;6,81167;6,06626;0
c2sp1s133;6,86153;6,01741;0
c2sp1s134;6,91245;5,9694;0
c2sp1s135;10,57777;9,65935;0
c2sp1s136;6,96443;5,92225;0
c2sp1s137;7,01744;5,87599;0
c2sp1s138;7,07148;5,83063;0
c2sp1s139;7,12652;5,7862;0
c2sp1s140;7,18256;5,74273;0
c2sp1s141;7,23957;5,70023;0
c2sp1s142;7,29754;5,65873;0
c2sp1s143;7,35644;5,61824;0
c2sp1s144;7,41628;5,57878;0
c2sp1s145;7,47701;5,54039;0
c2sp1s146;10,57421;9,693;0
c2sp1s147;7,53864;5,50307;0
c2sp1s148;7,60113;5,46685;0
c2sp1s149;7,66446;5,43174;0
c2sp1s150;7,72863;5,39778;0
c2sp1s151;7,7936;5,36496;0
c2sp1s152;7,85936;5,33332;0
c2sp1s153;7,92588;5,30287;0
c2sp1s154;7,99315;5,27363;0
c2sp1s155;8,06114;5,24561;0
c2sp1s156;8,12983;5,21884;0
c2sp1s157;10,56995;9,72675;0
c2sp1s158;8,19919;5,19332;0
c2sp1s159;8,26921;5,16908;0
c2sp1s160;8,33986;5,14613;0
c2sp1s161;8,41112;5,12449;0
c2sp1s162;8,48295;5,10416;0
c2sp1s163;8,55535;5,08517;0
c2sp1s164;8,62827;5,06753;0
c2sp1s165;8,70171;5,05125;0
c2sp1s166;8,77562;5,03635;0
c2sp1s167;8,84999;5,02283;0
c2sp1s168;10,56497;9,76058;0
c2sp1s169;8,92479;5,01071;0
c2sp1s170;9;5;0
c2sp1s171;9,07558;4,99071;0
c2sp1s172;9,15152;4,98286;0
c2sp1s173;9,22777;4,97644;0
c2sp1s174;9,30432;4,97148;0
c2sp1s175;9,38114;4,96797;0
c2sp1s176;9,4582;4,96594;0
c2sp1s177;9,53547;4,96538;0
c2sp1s178;9,61292;4,9663;0
c2sp1s179;10,55926;9,79448;0
c2sp1s180;9,69053;4,96871;0
c2sp1s181;9,76826;4,97262;0
c2sp1s182;9,8461;4,97803;0
c2sp1s183;9,924;4,98495;0
c2sp1s184;10,00193;4,99338;0
c2sp1s185;10,07988;5,00332;0
c2sp1s186;10,15781;5,01478;0
c2sp1s187;10,23569;5,02776;0
c2sp1s188;10,31349;5,04227;0
c2sp1s189;10,39119;5,0583;0
c2sp1s190;10,55283;9,82844;0
c2sp1s191;10,46874;5,07586;0
c2sp1s192;10,54612;5,09494;0
c2sp1s193;10,62331;5,11555;0
c2sp1s194;10,70027;5,13768;0
c2sp1s195;10,77696;5,16134;0
c2sp1s196;10,85337;5,18652;0
c2sp1s197;10,92946;5,21322;0
c2sp1s198;11,0052;5,24144;0
c2sp1s199;11,08056;5,27117;0
c2sp1s200;11,15551;5,30241;0
c2sp1s201;10,54567;9,86243;0
c2sp1s202;11,23002;5,33515;0
c2sp1s203;11,30406;5,36939;0
c2sp1s204;11,37759;5,40512;0
c2sp1s205;11,4506;5,44234;0
c2sp1s206;11,52305;5,48103;0
c2sp1s207;11,59491;5,5212;0
c2sp1s208;11,66615;5,56283;0
c2sp1s209;11,73673;5,6059;0
c2sp1s210;11,80664;5,65043;0
c2sp1s211;11,87585;5,69638;0
c2sp1s212;10,53778;9,89645;0
c2sp1s213;11,94431;5,74375;0
c2sp1s214;12,01201;5,79254;0
c2sp1s215;12,07891;5,84272;0
c2sp1s216;12,14499;5,89429;0
c2sp1s217;12,21021;5,94723;0
c2sp1s218;12,27456;6,00152;0
c2sp1s219;12,33799;6,05716;0
c2sp1s220;12,40049;6,11413;0
c2sp1s221;12,46203;6,17241;0
c2sp1s222;12,52257;6,23199;0
c2sp1s223;10,51892;9,05729;0
c2sp1s224;10,52916;9,93047;0
c2sp1s225;12,5821;6,29285;0
c2sp1s226;12,64058;6,35497;0
c2sp1s227;12,69798;6,41833;0
c2sp1s228;12,75429;6,48292;0
c2sp1s229;12,80948;6,54872;0
c2sp1s230;12,86351;6,61571;0
c2sp1s231;12,91638;6,68386;0
c2sp1s232;12,96804;6,75316;0
c2sp1s233;13,01848;6,82359;0
c2sp1s234;13,06767;6,89512;0
c2sp1s235;10,51979;9,96449;0
c2sp1s236;13,11558;6,96774;0
c2sp1s237;13,1622;7,04142;0
c2sp1s238;13,20751;7,11613;0
c2sp1s239;13,25147;7,19185;0
c2sp1s240;13,29407;7,26857;0
c2sp1s241;13,33529;7,34625;0
c2sp1s242;13,3751;7,42487;0
c2sp1s243;13,41348;7,5044;0
c2sp1s244;13,45041;7,58483;0
c2sp1s245;13,48588;7,66611;0
c2sp1s246;10,50968;9,99848;0
c2sp1s247;13,51986;7,74823;0
c2sp1s248;13,55234;7,83116;0
c2sp1s249;13,58329;7,91487;0
c2sp1s250;13,61271;7,99933;0
c2sp1s251;13,64056;8,08451;0
c2sp1s252;13,66683;8,17039;0
c2sp1s253;13,69152;8,25694;0
c2sp1s254;13,7146;8,34412;0
c2sp1s255;13,73605;8,43191;0
c2sp1s256;13,75587;8,52027;0
c2sp1s257;10,49883;10,03243;0
c2sp1s258;13,77403;8,60918;0
c2sp1s259;13,79053;8,69861;0
c2sp1s260;13,80535;8,78851;0
c2sp1s261;13,81848;8,87887;0
c2sp1s262;13,8299;8,96965;0
c2sp1s263;13,83962;9,06082;0
c2sp1s264;13,84761;9,15234;0
c2sp1s265;13,85386;9,24419;0
c2sp1s266;13,85837;9,33632;0
c2sp1s267;13,86113;9,42871;0
c2sp1s268;10,48723;10,06632;0
c2sp1s269;13,86213;9,52133;0
c2sp1s270;13,86136;9,61413;0
c2sp1s271;13,85882;9,70709;0
c2sp1s272;13,8545;9,80018;0
c2sp1s273;13,84838;9,89334;0
c2sp1s274;13,84048;9,98657;0
c2sp1s275;13,83079;10,07981;0
c2sp1s276;13,81929;10,17304;0
c2sp1s277;13,806;10,26621;0
c2sp1s278;13,7909;10,3593;0
c2sp1s279;10,47488;10,10015;0
c2sp1s280;13,77399;10,45227;0
c2sp1s281;13,75528;10,54508;0
c2sp1s282;13,73477;10,63771;0
c2sp1s283;13,71244;10,73011;0
c2sp1s284;13,68832;10,82225;0
c2sp1s285;13,66239;10,91409;0
c2sp1s286;13,63466;11,0056;0
c2sp1s287;13,60514;11,09674;0
c2sp1s288;13,57382;11,18748;0
c2sp1s289;13,54071;11,27779;0
c2sp1s290;10,46179;10,13388;0
c2sp1s291;13,50583;11,36762;0
c2sp1s292;13,46916;11,45694;0
c2sp1s293;13,43073;11,54573;0
c2sp1s294;13,39054;11,63393;0
c2sp1s295;13,34859;11,72152;0
c2sp1s296;13,30489;11,80847;0
c2sp1s297;13,25946;11,89473;0
c2sp1s298;13,21231;11,98028;0
c2sp1s299;13,16344;12,06507;0
c2sp1s300;13,11287;12,14908;0
c2sp1s301;10,44794;10,16751;0
c2sp1s302;13,06061;12,23227;0
c2sp1s303;13,00667;12,3146;0
c2sp1s304;12,95107;12,39605;0
c2sp1s305;12,89381;12,47658;0
c2sp1s306;12,83493;12,55616;0
c2sp1s307;12,77442;12,63474;0
c2sp1s308;12,71231;12,71231;0
c2sp1s309;12,64862;12,78883;0
c2sp1s310;12,58335;12,86426;0
c2sp1s311;12,51654;12,93857;0
c2sp1s312;10,43334;10,20101;0
c2sp1s313;12,4482;13,01173;0
c2sp1s314;12,37835;13,08372;0
c2sp1s315;12,307;13,1545;0
c2sp1s316;12,23419;13,22403;0
c2sp1s317;12,15993;13,29229;0
c2sp1s318;12,08424;13,35925;0
c2sp1s319;12,00715;13,42488;0
c2sp1s320;11,92867;13,48915;0
c2sp1s321;11,84885;13,55203;0
c2sp1s322;11,76768;13,61349;0
c2sp1s323;10,41799;10,23438;0
c2sp1s324;11,68522;13,67351;0
c2sp1s325;11,60147;13,73206;0
c2sp1s326;11,51647;13,7891;0
c2sp1s327;11,43024;13,84462;0
c2sp1s328;11,34281;13,89859;0
c2sp1s329;11,2542;13,95098;0
c2sp1s330;11,16446;14,00176;0
c2sp1s331;11,07359;14,05092;0
c2sp1s332;10,98165;14,09843;0
c2sp1s333;10,88864;14,14426;0
c2sp1s334;10,52755;9,08647;0
c2sp1s335;10,40189;10,2676;0
c2sp1s336;10,79462;14,1884;0
c2sp1s337;10,69959;14,23081;0
c2sp1s338;10,60361;14,27148;0
c2sp1s339;10,50669;14,31039;0
c2sp1s340;10,40888;14,34752;0
c2sp1s341;10,3102;14,38284;0
c2sp1s342;10,2107;14,41634;0
c2sp1s343;10,11039;14,44799;0
c2sp1s344;10,00932;14,47779;0
c2sp1s345;9,90752;14,50571;0
c2sp1s346;10,38504;10,30064;0
c2sp1s347;9,80502;14,53173;0
c2sp1s348;9,70187;14,55584;0
c2sp1s349;9,59809;14,57803;0
c2sp1s350;9,49372;14,59827;0
c2sp1s351;9,38881;14,61656;0
c2sp1s352;9,28338;14,63288;0
c2sp1s353;9,17747;14,64721;0
c2sp1s354;9,07112;14,65955;0
c2sp1s355;8,96437;14,66989;0
c2sp1s356;8,85726;14,67821;0
c2sp1s357;10,36744;10,3335;0
c2sp1s358;8,74982;14,6845;0
c2sp1s359;8,64209;14,68875;0
c2sp1s360;8,53412;14,69096;0
c2sp1s361;8,42593;14,69112;0
c2sp1s362;8,31757;14,68922;0
c2sp1s363;8,20908;14,68525;0
c2sp1s364;8,1005;14,67921;0
c2sp1s365;7,99187;14,67109;0
c2sp1s366;7,88322;14,66089;0
c2sp1s367;7,7746;14,64861;0
c2sp1s368;10,34909;10,36615;0
c2sp1s369;7,66605;14,63424;0
c2sp1s370;7,5576;14,61778;0
c2sp1s371;7,4493;14,59923;0
c2sp1s372;7,34119;14,5786;0
c2sp1s373;7,2333;14,55587;0
c2sp1s374;7,12569;14,53105;0
c2sp1s375;7,01838;14,50415;0
c2sp1s376;6,91143;14,47517;0
c2sp1s377;6,80486;14,4441;0
c2sp1s378;6,69872;14,41096;0
c2sp1s379;10,32999;10,39858;0
c2sp1s380;6,59306;14,37575;0
c2sp1s381;6,4879;14,33848;0
c2sp1s382;6,3833;14,29915;0
c2sp1s383;6,27929;14,25777;0
c2sp1s384;6,17591;14,21435;0
c2sp1s385;6,0732;14,16889;0
c2sp1s386;5,9712;14,12142;0
c2sp1s387;5,86996;14,07193;0
c2sp1s388;5,76951;14,02044;0
c2sp1s389;5,66988;13,96696;0
c2sp1s390;10,31015;10,43078;0
c2sp1s391;5,57113;13,91151;0
c2sp1s392;5,47329;13,8541;0
c2sp1s393;5,37639;13,79474;0
c2sp1s394;5,28049;13,73346;0
c2sp1s395;5,1856;13,67025;0
c2sp1s396;5,09178;13,60515;0
c2sp1s397;4,99906;13,53817;0
c2sp1s398;4,90748;13,46933;0
c2sp1s399;4,81708;13,39864;0
c2sp1s400;4,72789;13,32614;0
c2sp1s401;10,28956;10,46272;0
c2sp1s402;4,63995;13,25183;0
c2sp1s403;4,55329;13,17574;0
c2sp1s404;4,46796;13,09789;0
c2sp1s405;4,38398;13,0183;0
c2sp1s406;4,3014;12,93701;0
c2sp1s407;4,22024;12,85402;0
c2sp1s408;4,14055;12,76938;0
c2sp1s409;4,06235;12,68309;0
c2sp1s410;3,98568;12,5952;0
c2sp1s411;3,91057;12,50572;0
c2sp1s412;10,26823;10,49439;0
c2sp1s413;3,83705;12,41469;0
c2sp1s414;3,76517;12,32213;0
c2sp1s415;3,69494;12,22807;0
c2sp1s416;3,6264;12,13254;0
c2sp1s417;3,55958;12,03557;0
c2sp1s418;3,4945;11,93719;0
c2sp1s419;3,43121;11,83744;0
c2sp1s420;3,36972;11,73634;0
c2sp1s421;3,31007;11,63394;0
c2sp1s422;3,25229;11,53025;0
c2sp1s423;10,24616;10,52577;0
c2sp1s424;3,19639;11,42532;0
c2sp1s425;3,14241;11,31918;0
c2sp1s426;3,09037;11,21187;0
c2sp1s427;3,0403;11,10342;0
c2sp1s428;2,99222;10,99386;0
c2sp1s429;2,94616;10,88324;0
c2sp1s430;2,90213;10,77159;0
c2sp1s431;2,86017;10,65895;0
c2sp1s432;2,82029;10,54536;0
c2sp1s433;2,78252;10,43085;0
c2sp1s434;10,22336;10,55685;0
c2sp1s435;2,74687;10,31546;0
c2sp1s436;2,71336;10,19924;0
c2sp1s437;2,68202;10,08222;0
c2sp1s438;2,65286;9,96445;0
c2sp1s439;2,62589;9,84596;0
c2sp1s440;2,60114;9,7268;0
c2sp1s441;2,57863;9,607;0
c2sp1s442;2,55835;9,48661;0
c2sp1s443;2,54034;9,36568;0
c2sp1s444;2,5246;9,24423;0
c2sp1s445;10,53562;9,116;0
c2sp1s446;10,19983;10,58761;0
c2sp1s447;2,51115;9,12233;1
c2sp1s448;10,17557;10,61803;0
c2sp1s449;10,15059;10,6481;0
c2sp1s450;10,12489;10,6778;0
c2sp1s451;10,09848;10,70712;0
c2sp1s452;10,07136;10,73603;0
c2sp1s453;10,04353;10,76452;0
c2sp1s454;10,01502;10,79258;0
c2sp1s455;9,98581;10,82018;0
c2sp1s456;9,95593;10,84732;0
c2sp1s457;10,54312;9,14587;0
c2sp1s458;9,92537;10,87398;0
c2sp1s459;9,89414;10,90014;0
c2sp1s460;9,86225;10,92578;0
c2sp1s461;9,82971;10,95089;0
c2sp1s462;9,79653;10,97546;0
c2sp1s463;9,76272;10,99946;0
c2sp1s464;9,72829;11,02289;0
c2sp1s465;9,69324;11,04573;0
c2sp1s466;9,65759;11,06797;0
c2sp1s467;9,62134;11,08958;0
c2sp1s468;10,55003;9,17606;0
c2sp1s469;9,58452;11,11055;0
c2sp1s470;9,54712;11,13088;0
c2sp1s471;9,50916;11,15055;0
c2sp1s472;9,47066;11,16954;0
c2sp1s473;9,43162;11,18783;0
c2sp1s474;9,39205;11,20542;0
c2sp1s475;9,35198;11,2223;0
c2sp1s476;9,31141;11,23844;0
c2sp1s477;9,27035;11,25384;0
c2sp1s478;9,22883;11,26849;0
c2sp1s479;10,55635;9,20656;0
c2sp1s480;9,18684;11,28237;0
c2sp1s481;9,14442;11,29546;0
c2sp1s482;9,10157;11,30777;0
c2sp1s483;9,0583;11,31927;0
c2sp1s484;9,01464;11,32995;0
c2sp1s485;8,9706;11,33982;0
c2sp1s486;8,92618;11,34884;0
c2sp1s487;8,88142;11,35702;0
c2sp1s488;8,83633;11,36434;0
c2sp1s489;8,79091;11,3708;0
c2sp1s490;10,56207;9,23736;0
c2sp1s491;8,7452;11,37638;0
c2sp1s492;8,6992;11,38108;0
c2sp1s493;8,65293;11,38488;0
c2sp1s494;8,60642;11,38778;0
c2sp1s495;8,55967;11,38977;0
c2sp1s496;8,51271;11,39085;0
c2sp1s497;8,46555;11,391;0
c2sp1s498;8,41821;11,39021;0
c2sp1s499;8,37072;11,38849;0
c2sp1s500;8,32308;11,38583;0
c2sp2s501;15,48885;8,87767;2
c2sp2s502;7,5;9;2
c2sp2s503;7,49027;8,97154;2
c2sp2s504;7,48108;8,94271;2
c2sp2s505;7,47245;8,91353;2
c2sp2s506;7,46438;8,884;2
c2sp2s507;7,45688;8,85413;2
c2sp2s508;7,44997;8,82394;2
c2sp2s509;7,44365;8,79344;2
c2sp2s510;7,43793;8,76264;2
c2sp2s511;7,43283;8,73156;2
c2sp2s512;7,42834;8,70019;2
c2sp2s513;7,42448;8,66856;2
c2sp2s514;7,42127;8,63668;2
c2sp2s515;7,41869;8,60456;2
c2sp2s516;7,41677;8,57222;2
c2sp2s517;7,41552;8,53967;2
c2sp2s518;7,41492;8,50691;2
c2sp2s519;7,41501;8,47397;2
c2sp2s520;7,41578;8,44086;2
c2sp2s521;7,41723;8,4076;2
c2sp2s522;7,41938;8,37419;2
c2sp2s523;7,42223;8,34065;2
c2sp2s524;7,42579;8,307;2
c2sp2s525;7,43005;8,27325;2
c2sp2s526;7,43503;8,23942;2
c2sp2s527;7,44074;8,20552;2
c2sp2s528;7,44717;8,17156;2
c2sp2s529;7,45433;8,13757;2
c2sp2s530;7,46222;8,10355;2
c2sp2s531;7,47084;8,06953;2
c2sp2s532;7,48021;8,03551;2
c2sp2s533;7,49032;8,00152;2
c2sp2s534;7,50117;7,96757;2
c2sp2s535;7,51277;7,93368;2
c2sp2s536;7,52512;7,89985;2
c2sp2s537;7,53821;7,86612;2
c2sp2s538;7,55206;7,83249;2
c2sp2s539;7,56666;7,79899;2
c2sp2s540;7,58201;7,76562;2
c2sp2s541;7,59811;7,7324;2
c2sp2s542;7,61496;7,69936;2
c2sp2s543;7,63256;7,6665;2
c2sp2s544;7,65091;7,63385;2
c2sp2s545;7,67001;7,60142;2
c2sp2s546;7,68985;7,56922;2
c2sp2s547;7,71044;7,53728;2
c2sp2s548;7,73177;7,50561;2
c2sp2s549;7,75384;7,47423;2
c2sp2s550;7,77664;7,44315;2
c2sp2s551;7,80017;7,41239;2
c2sp2s552;7,82443;7,38197;2
c2sp2s553;7,84941;7,3519;2
c2sp2s554;7,87511;7,3222;2
c2sp2s555;7,90152;7,29288;2
c2sp2s556;7,92864;7,26397;2
c2sp2s557;7,95647;7,23548;2
c2sp2s558;7,98498;7,20742;2
c2sp2s559;8,01419;7,17982;2
c2sp2s560;8,04407;7,15268;2
c2sp2s561;8,07464;7,12602;2
c2sp2s562;8,10586;7,09986;2
c2sp2s563;8,13775;7,07422;2
c2sp2s564;8,17029;7,04911;2
c2sp2s565;8,20347;7,02454;2
c2sp2s566;8,23728;7,00054;2
c2sp2s567;8,27171;6,97711;2
c2sp2s568;8,30676;6,95427;2
c2sp2s569;8,34241;6,93203;2
c2sp2s570;8,37866;6,91042;2
c2sp2s571;8,41549;6,88945;2
c2sp2s572;8,45288;6,86912;2
c2sp2s573;8,49084;6,84945;2
c2sp2s574;8,52934;6,83046;2
c2sp2s575;8,56839;6,81217;2
c2sp2s576;8,60795;6,79458;2
c2sp2s577;8,64802;6,7777;2
c2sp2s578;8,68859;6,76156;2
c2sp2s579;8,72965;6,74616;2
c2sp2s580;8,77118;6,73151;2
c2sp2s581;8,81316;6,71763;2
c2sp2s582;8,85558;6,70454;2
c2sp2s583;8,89843;6,69223;2
c2sp2s584;8,9417;6,68073;2
c2sp2s585;8,98536;6,67005;2
c2sp2s586;9,0294;6,66018;2
c2sp2s587;9,07382;6,65116;2
c2sp2s588;9,11858;6,64298;2
c2sp2s589;9,16367;6,63566;2
c2sp2s590;9,20909;6,6292;2
c2sp2s591;9,2548;6,62362;2
c2sp2s592;9,3008;6,61892;2
c2sp2s593;9,34707;6,61512;2
c2sp2s594;9,39358;6,61222;2
c2sp2s595;9,44033;6,61023;2
c2sp2s596;9,48729;6,60915;2
c2sp2s597;9,53445;6,609;2
c2sp2s598;9,58179;6,60979;2
c2sp2s599;9,62928;6,61151;2
c2sp2s600;9,67692;6,61417;2
c2sp2s601;9,72468;6,61779;2
c2sp2s602;9,77254;6,62236;2
c2sp2s603;9,82049;6,62789;2
c2sp2s604;9,8685;6,63439;2
c2sp2s605;9,91656;6,64186;2
c2sp2s606;9,96464;6,6503;2
c2sp2s607;10,01273;6,65973;2
c2sp2s608;10,0608;6,67013;2
c2sp2s609;10,10884;6,68152;2
c2sp2s610;10,15683;6,69389;2
c2sp2s611;10,20474;6,70725;2
c2sp2s612;10,25256;6,7216;2
c2sp2s613;10,30026;6,73695;2
c2sp2s614;10,34783;6,75328;2
c2sp2s615;10,39524;6,77061;2
c2sp2s616;10,44248;6,78893;2
c2sp2s617;10,48952;6,80824;2
c2sp2s618;10,53634;6,82854;2
c2sp2s619;10,58293;6,84983;2
c2sp2s620;10,62925;6,87211;2
c2sp2s621;10,6753;6,89537;2
c2sp2s622;10,72104;6,91961;2
c2sp2s623;10,76647;6,94484;2
c2sp2s624;10,81155;6,97104;2
c2sp2s625;10,85627;6,99821;2
c2sp2s626;10,90061;7,02635;2
c2sp2s627;10,94454;7,05546;2
c2sp2s628;10,98805;7,08552;2
c2sp2s629;11,03112;7,11653;2
c2sp2s630;11,07372;7,14849;2
c2sp2s631;11,11583;7,18138;2
c2sp2s632;11,15744;7,21521;2
c2sp2s633;11,19852;7,24997;2
c2sp2s634;11,23905;7,28564;2
c2sp2s635;11,27902;7,32222;2
c2sp2s636;11,3184;7,35969;2
c2sp2s637;11,35718;7,39806;2
c2sp2s638;11,39533;7,43731;2
c2sp2s639;11,43284;7,47743;2
c2sp2s640;11,46968;7,51841;2
c2sp2s641;11,50583;7,56025;2
c2sp2s642;11,54129;7,60291;2
c2sp2s643;11,57602;7,64641;2
c2sp2s644;11,61002;7,69072;2
c2sp2s645;11,64325;7,73583;2
c2sp2s646;11,67571;7,78174;2
c2sp2s647;11,70738;7,82841;2
c2sp2s648;11,73823;7,87585;2
c2sp2s649;11,76825;7,92404;2
c2sp2s650;11,79743;7,97296;2
c2sp2s651;11,82574;8,02261;2
c2sp2s652;11,85317;8,07295;2
c2sp2s653;11,8797;8,12398;2
c2sp2s654;11,90532;8,17569;2
c2sp2s655;11,93001;8,22805;2
c2sp2s656;11,95376;8,28104;2
c2sp2s657;11,97655;8,33466;2
c2sp2s658;11,99836;8,38889;2
c2sp2s659;12,01918;8,4437;2
c2sp2s660;12,03899;8,49908;2
c2sp2s661;12,05779;8,55501;2
c2sp2s662;12,07556;8,61147;2
c2sp2s663;12,09228;8,66844;2
c2sp2s664;12,10794;8,7259;2
c2sp2s665;12,12253;8,78384;2
c2sp2s666;12,13603;8,84223;2
c2sp2s667;12,14845;8,90106;2
c2sp2s668;12,15975;8,96029;2
c2sp2s669;12,16994;9,01992;2
c2sp2s670;12,179;9,07991;2
c2sp2s671;12,18692;9,14026;2
c2sp2s672;12,19369;9,20093;2
c2sp2s673;12,1993;9,26191;2
c2sp2s674;12,20374;9,32317;2
c2sp2s675;12,20701;9,38468;2
c2sp2s676;12,2091;9,44644;2
c2sp2s677;12,20999;9,50841;2
c2sp2s678;12,20968;9,57058;2
c2sp2s679;12,20817;9,63291;2
c2sp2s680;12,20544;9,69538;2
c2sp2s681;12,20149;9,75798;2
c2sp2s682;12,19632;9,82068;2
c2sp2s683;12,18993;9,88345;2
c2sp2s684;12,18229;9,94626;2
c2sp2s685;12,17342;10,00911;2
c2sp2s686;12,16331;10,07195;2
c2sp2s687;12,15195;10,13477;2
c2sp2s688;12,13935;10,19754;2
c2sp2s689;12,12549;10,26024;2
c2sp2s690;12,11038;10,32284;2
c2sp2s691;12,09402;10,38532;2
c2sp2s692;12,07641;10,44765;2
c2sp2s693;12,05755;10,50981;2
c2sp2s694;12,03743;10,57176;2
c2sp2s695;12,01605;10,6335;2
c2sp2s696;11,99343;10,69498;2
c2sp2s697;11,96956;10,75619;2
c2sp2s698;11,94444;10,8171;2
c2sp2s699;11,91808;10,87769;2
c2sp2s700;11,89047;10,93793;2
c2sp2s701;11,86163;10,99779;2
c2sp2s702;11,83156;11,05725;2
c2sp2s703;11,80026;11,11628;2
c2sp2s704;11,76774;11,17487;2
c2sp2s705;11,734;11,23297;2
c2sp2s706;11,69905;11,29058;2
c2sp2s707;11,66289;11,34766;2
c2sp2s708;11,62555;11,40418;2
c2sp2s709;11,58701;11,46014;2
c2sp2s710;11,5473;11,51549;2
c2sp2s711;11,50641;11,57021;2
c2sp2s712;11,46437;11,62429;2
c2sp2s713;11,42118;11,67769;2
c2sp2s714;11,37684;11,73039;2
c2sp2s715;11,33138;11,78237;2
c2sp2s716;11,2848;11,8336;2
c2sp2s717;11,23711;11,88407;2
c2sp2s718;11,18833;11,93374;2
c2sp2s719;11,13847;11,98259;2
c2sp2s720;11,08755;12,0306;2
c2sp2s721;11,03557;12,07775;2
c2sp2s722;10,98256;12,12401;2
c2sp2s723;10,92852;12,16937;2
c2sp2s724;10,87348;12,2138;2
c2sp2s725;10,81744;12,25727;2
c2sp2s726;10,76043;12,29977;2
c2sp2s727;10,70246;12,34127;2
c2sp2s728;10,64356;12,38176;2
c2sp2s729;10,58372;12,42122;2
c2sp2s730;10,52299;12,45961;2
c2sp2s731;10,46136;12,49693;2
c2sp2s732;10,39887;12,53315;2
c2sp2s733;10,33554;12,56826;2
c2sp2s734;10,27137;12,60222;2
c2sp2s735;10,2064;12,63504;2
c2sp2s736;10,14064;12,66668;2
c2sp2s737;10,07412;12,69713;2
c2sp2s738;10,00685;12,72637;2
c2sp2s739;9,93886;12,75439;2
c2sp2s740;9,87017;12,78116;2
c2sp2s741;9,80081;12,80668;2
c2sp2s742;9,73079;12,83092;2
c2sp2s743;9,66014;12,85387;2
c2sp2s744;9,58888;12,87551;2
c2sp2s745;9,51705;12,89584;2
c2sp2s746;9,44465;12,91483;2
c2sp2s747;9,37173;12,93247;2
c2sp2s748;9,29829;12,94875;2
c2sp2s749;9,22438;12,96365;2
c2sp2s750;9,15001;12,97717;2
c2sp2s751;9,07521;12,98929;2
c2sp2s752;9;13;2
c2sp2s753;8,92442;13,00929;2
c2sp2s754;8,84849;13,01714;2
c2sp2s755;8,77223;13,02356;2
c2sp2s756;8,69568;13,02852;2
c2sp2s757;8,61886;13,03203;2
c2sp2s758;8,5418;13,03406;2
c2sp2s759;8,46453;13,03462;2
c2sp2s760;8,38708;13,0337;2
c2sp2s761;8,30947;13,03129;2
c2sp2s762;8,23174;13,02738;2
c2sp2s763;8,15391;13,02197;2
c2sp2s764;8,076;13,01505;2
c2sp2s765;7,99807;13,00662;2
c2sp2s766;7,92012;12,99668;2
c2sp2s767;7,84219;12,98522;2
c2sp2s768;7,76431;12,97224;2
c2sp2s769;7,68651;12,95773;2
c2sp2s770;7,60881;12,9417;2
c2sp2s771;7,53126;12,92414;2
c2sp2s772;7,45388;12,90506;2
c2sp2s773;7,37669;12,88445;2
c2sp2s774;7,29973;12,86232;2
c2sp2s775;7,22304;12,83866;2
c2sp2s776;7,14663;12,81348;2
c2sp2s777;7,07054;12,78678;2
c2sp2s778;6,9948;12,75856;2
c2sp2s779;6,91944;12,72883;2
c2sp2s780;6,84449;12,69759;2
c2sp2s781;6,76998;12,66485;2
c2sp2s782;6,69594;12,63061;2
c2sp2s783;6,62241;12,59488;2
c2sp2s784;6,5494;12,55766;2
c2sp2s785;6,47695;12,51897;2
c2sp2s786;6,40509;12,4788;2
c2sp2s787;6,33385;12,43717;2
c2sp2s788;6,26327;12,3941;2
c2sp2s789;6,19336;12,34957;2
c2sp2s790;6,12415;12,30362;2
c2sp2s791;6,05569;12,25625;2
c2sp2s792;5,98799;12,20746;2
c2sp2s793;5,92109;12,15728;2
c2sp2s794;5,85501;12,10571;2
c2sp2s795;5,78979;12,05277;2
c2sp2s796;5,72544;11,99848;2
c2sp2s797;5,66201;11,94284;2
c2sp2s798;5,59951;11,88587;2
c2sp2s799;5,53797;11,82759;2
c2sp2s800;5,47743;11,76801;2
c2sp2s801;5,4179;11,70715;2
c2sp2s802;5,35942;11,64503;2
c2sp2s803;5,30202;11,58167;2
c2sp2s804;5,24571;11,51708;2
c2sp2s805;5,19052;11,45128;2
c2sp2s806;5,13649;11,38429;2
c2sp2s807;5,08362;11,31614;2
c2sp2s808;5,03196;11,24684;2
c2sp2s809;4,98152;11,17641;2
c2sp2s810;4,93233;11,10488;2
c2sp2s811;4,88442;11,03226;2
c2sp2s812;4,8378;10,95858;2
c2sp2s813;4,79249;10,88387;2
c2sp2s814;4,74853;10,80815;2
c2sp2s815;4,70593;10,73143;2
c2sp2s816;4,66471;10,65375;2
c2sp2s817;4,6249;10,57513;2
c2sp2s818;4,58652;10,4956;2
c2sp2s819;4,54959;10,41517;2
c2sp2s820;4,51412;10,33389;2
c2sp2s821;4,48014;10,25177;2
c2sp2s822;4,44766;10,16884;2
c2sp2s823;4,41671;10,08513;2
c2sp2s824;4,38729;10,00067;2
c2sp2s825;4,35944;9,91549;2
c2sp2s826;4,33317;9,82961;2
c2sp2s827;4,30848;9,74306;2
c2sp2s828;4,2854;9,65588;2
c2sp2s829;4,26395;9,56809;2
c2sp2s830;4,24413;9,47973;2
c2sp2s831;4,22597;9,39082;2
c2sp2s832;4,20947;9,30139;2
c2sp2s833;4,19465;9,21149;2
c2sp2s834;4,18152;9,12113;2
c2sp2s835;4,1701;9,03035;2
c2sp2s836;4,16038;8,93918;2
c2sp2s837;4,15239;8,84766;2
c2sp2s838;4,14614;8,75581;2
c2sp2s839;4,14163;8,66368;2
c2sp2s840;4,13887;8,57129;2
c2sp2s841;4,13787;8,47867;2
c2sp2s842;4,13864;8,38587;2
c2sp2s843;4,14118;8,29291;2
c2sp2s844;4,1455;8,19983;2
c2sp2s845;4,15162;8,10666;2
c2sp2s846;4,15952;8,01343;2
c2sp2s847;4,16921;7,92019;2
c2sp2s848;4,18071;7,82696;2
c2sp2s849;4,194;7,73379;2
c2sp2s850;4,2091;7,6407;2
c2sp2s851;4,22601;7,54773;2
c2sp2s852;4,24472;7,45492;2
c2sp2s853;4,26523;7,36229;2
c2sp2s854;4,28756;7,26989;2
c2sp2s855;4,31168;7,17775;2
c2sp2s856;4,33761;7,08591;2
c2sp2s857;4,36534;6,9944;2
c2sp2s858;4,39486;6,90326;2
c2sp2s859;4,42618;6,81252;2
c2sp2s860;4,45929;6,72221;2
c2sp2s861;4,49417;6,63238;2
c2sp2s862;4,53084;6,54306;2
c2sp2s863;4,56927;6,45427;2
c2sp2s864;4,60946;6,36607;2
c2sp2s865;4,65141;6,27848;2
c2sp2s866;4,69511;6,19153;2
c2sp2s867;4,74054;6,10527;2
c2sp2s868;4,78769;6,01972;2
c2sp2s869;4,83656;5,93493;2
c2sp2s870;4,88713;5,85092;2
c2sp2s871;4,93939;5,76773;2
c2sp2s872;4,99333;5,6854;2
c2sp2s873;5,04893;5,60395;2
c2sp2s874;5,10619;5,52342;2
c2sp2s875;5,16507;5,44384;2
c2sp2s876;5,22558;5,36526;2
c2sp2s877;5,28769;5,28769;2
c2sp2s878;5,35138;5,21117;2
c2sp2s879;5,41665;5,13574;2
c2sp2s880;5,48346;5,06143;2
c2sp2s881;5,5518;4,98827;2
c2sp2s882;5,62165;4,91628;2
c2sp2s883;5,693;4,8455;2
c2sp2s884;5,76581;4,77597;2
c2sp2s885;5,84007;4,70771;2
c2sp2s886;5,91576;4,64075;2
c2sp2s887;5,99285;4,57512;2
c2sp2s888;6,07133;4,51085;2
c2sp2s889;6,15115;4,44797;2
c2sp2s890;6,23232;4,38651;2
c2sp2s891;6,31478;4,32649;2
c2sp2s892;6,39853;4,26794;2
c2sp2s893;6,48353;4,2109;2
c2sp2s894;6,56976;4,15538;2
c2sp2s895;6,65719;4,10141;2
c2sp2s896;6,7458;4,04902;2
c2sp2s897;6,83554;3,99824;2
c2sp2s898;6,92641;3,94908;2
c2sp2s899;7,01835;3,90157;2
c2sp2s900;7,11136;3,85574;2
c2sp2s901;7,20538;3,8116;2
c2sp2s902;7,30041;3,76919;2
c2sp2s903;7,39639;3,72852;2
c2sp2s904;7,49331;3,68961;2
c2sp2s905;7,59112;3,65248;2
c2sp2s906;7,6898;3,61716;2
c2sp2s907;7,7893;3,58366;2
c2sp2s908;7,88961;3,55201;2
c2sp2s909;7,99068;3,52221;2
c2sp2s910;8,09249;3,49429;2
c2sp2s911;8,19498;3,46827;2
c2sp2s912;8,29813;3,44416;2
c2sp2s913;8,40191;3,42197;2
c2sp2s914;8,50628;3,40173;2
c2sp2s915;8,61119;3,38344;2
c2sp2s916;8,71662;3,36712;2
c2sp2s917;8,82253;3,35279;2
c2sp2s918;8,92888;3,34045;2
c2sp2s919;9,03563;3,33011;2
c2sp2s920;9,14274;3,32179;2
c2sp2s921;9,25018;3,3155;2
c2sp2s922;9,35791;3,31125;2
c2sp2s923;9,46588;3,30904;2
c2sp2s924;9,57407;3,30888;2
c2sp2s925;9,68243;3,31078;2
c2sp2s926;9,79092;3,31475;2
c2sp2s927;9,8995;3,32079;2
c2sp2s928;10,00813;3,32891;2
c2sp2s929;10,11678;3,33911;2
c2sp2s930;10,2254;3,35139;2
c2sp2s931;10,33395;3,36576;2
c2sp2s932;10,4424;3,38222;2
c2sp2s933;10,5507;3,40077;2
c2sp2s934;10,65881;3,4214;2
c2sp2s935;10,7667;3,44413;2
c2sp2s936;10,87431;3,46895;2
c2sp2s937;10,98162;3,49585;2
c2sp2s938;11,08857;3,52483;2
c2sp2s939;11,19514;3,5559;2
c2sp2s940;11,30128;3,58904;2
c2sp2s941;11,40694;3,62425;2
c2sp2s942;11,5121;3,66152;2
c2sp2s943;11,6167;3,70085;2
c2sp2s944;11,72071;3,74223;2
c2sp2s945;11,82409;3,78565;2
c2sp2s946;11,9268;3,83111;2
c2sp2s947;12,0288;3,87858;2
c2sp2s948;12,13004;3,92807;2
c2sp2s949;12,23049;3,97956;2
c2sp2s950;12,33012;4,03304;2
c2sp2s951;12,42887;4,08849;2
c2sp2s952;12,52671;4,1459;2
c2sp2s953;12,62361;4,20526;2
c2sp2s954;12,71951;4,26654;2
c2sp2s955;12,8144;4,32975;2
c2sp2s956;12,90822;4,39485;2
c2sp2s957;13,00094;4,46183;2
c2sp2s958;13,09252;4,53067;2
c2sp2s959;13,18292;4,60136;2
c2sp2s960;13,27211;4,67386;2
c2sp2s961;13,36005;4,74817;2
c2sp2s962;13,44671;4,82426;2
c2sp2s963;13,53204;4,90211;2
c2sp2s964;13,61602;4,9817;2
c2sp2s965;13,6986;5,06299;2
c2sp2s966;13,77976;5,14598;2
c2sp2s967;13,85945;5,23062;2
c2sp2s968;13,93765;5,31691;2
c2sp2s969;14,01432;5,4048;2
c2sp2s970;14,08943;5,49428;2
c2sp2s971;14,16295;5,58531;2
c2sp2s972;14,23483;5,67787;2
c2sp2s973;14,30506;5,77193;2
c2sp2s974;14,3736;5,86746;2
c2sp2s975;14,44042;5,96443;2
c2sp2s976;14,5055;6,06281;2
c2sp2s977;14,56879;6,16256;2
c2sp2s978;14,63028;6,26366;2
c2sp2s979;14,68993;6,36606;2
c2sp2s980;14,74771;6,46975;2
c2sp2s981;14,80361;6,57468;2
c2sp2s982;14,85759;6,68082;2
c2sp2s983;14,90963;6,78813;2
c2sp2s984;14,9597;6,89658;2
c2sp2s985;15,00778;7,00614;2
c2sp2s986;15,05384;7,11676;2
c2sp2s987;15,09787;7,22841;2
c2sp2s988;15,13983;7,34105;2
c2sp2s989;15,17971;7,45464;2
c2sp2s990;15,21748;7,56915;2
c2sp2s991;15,25313;7,68454;2
c2sp2s992;15,28664;7,80076;2
c2sp2s993;15,31798;7,91778;2
c2sp2s994;15,34714;8,03555;2
c2sp2s995;15,37411;8,15404;2
c2sp2s996;15,39886;8,27321;2
c2sp2s997;15,42137;8,393;2
c2sp2s998;15,44165;8,51339;2
c2sp2s999;15,45966;8,63433;2
c2sp2s1000;15,4754;8,75577;2
